County,Date,Connections
Carlow ,2014,8
Cavan,2014,18
Clare,2014,31
Cork,2014,58
Donegal,2014,29
D/L Rathdown,2014,61
Fingal,2014,36
Galway,2014,36
Kerry,2014,22
Kildare,2014,28
Kilkenny,2014,14
Laois,2014,27
Leitrim,2014,3
Limerick City and County,2014,16
Longford,2014,4
Louth,2014,24
Mayo,2014,34
Meath,2014,31
Monaghan,2014,5
Offaly,2014,10
Roscommon,2014,14
Sligo,2014,5
South Dublin,2014,10
Tipperary,2014,20
Waterford City and County,2014,22
Westmeath,2014,19
Wexford,2014,24
Wicklow,2014,21
Cork,2014,8
Dublin,2014,35
Galway,2014,3
TOTALS,2014,676
Carlow ,Unnamed: 2,6
Cavan,Unnamed: 2,10
Clare,Unnamed: 2,11
Cork,Unnamed: 2,37
Donegal,Unnamed: 2,29
D/L Rathdown,Unnamed: 2,75
Fingal,Unnamed: 2,47
Galway,Unnamed: 2,33
Kerry,Unnamed: 2,10
Kildare,Unnamed: 2,42
Kilkenny,Unnamed: 2,3
Laois,Unnamed: 2,9
Leitrim,Unnamed: 2,9
Limerick City and County,Unnamed: 2,12
Longford,Unnamed: 2,7
Louth,Unnamed: 2,22
Mayo,Unnamed: 2,25
Meath,Unnamed: 2,33
Monaghan,Unnamed: 2,11
Offaly,Unnamed: 2,12
Roscommon,Unnamed: 2,22
Sligo,Unnamed: 2,10
South Dublin,Unnamed: 2,17
Tipperary,Unnamed: 2,12
Waterford City and County,Unnamed: 2,15
Westmeath,Unnamed: 2,13
Wexford,Unnamed: 2,12
Wicklow,Unnamed: 2,11
Cork,Unnamed: 2,10
Dublin,Unnamed: 2,44
Galway,Unnamed: 2,2
TOTALS,Unnamed: 2,611
Carlow ,Unnamed: 3,30
Cavan,Unnamed: 3,15
Clare,Unnamed: 3,19
Cork,Unnamed: 3,76
Donegal,Unnamed: 3,25
D/L Rathdown,Unnamed: 3,24
Fingal,Unnamed: 3,43
Galway,Unnamed: 3,50
Kerry,Unnamed: 3,38
Kildare,Unnamed: 3,36
Kilkenny,Unnamed: 3,21
Laois,Unnamed: 3,8
Leitrim,Unnamed: 3,7
Limerick City and County,Unnamed: 3,22
Longford,Unnamed: 3,27
Louth,Unnamed: 3,16
Mayo,Unnamed: 3,29
Meath,Unnamed: 3,28
Monaghan,Unnamed: 3,9
Offaly,Unnamed: 3,11
Roscommon,Unnamed: 3,8
Sligo,Unnamed: 3,5
South Dublin,Unnamed: 3,84
Tipperary,Unnamed: 3,28
Waterford City and County,Unnamed: 3,13
Westmeath,Unnamed: 3,16
Wexford,Unnamed: 3,41
Wicklow,Unnamed: 3,22
Cork,Unnamed: 3,12
Dublin,Unnamed: 3,33
Galway,Unnamed: 3,7
TOTALS,Unnamed: 3,803
Carlow ,Unnamed: 4,8
Cavan,Unnamed: 4,21
Clare,Unnamed: 4,27
Cork,Unnamed: 4,88
Donegal,Unnamed: 4,31
D/L Rathdown,Unnamed: 4,48
Fingal,Unnamed: 4,34
Galway,Unnamed: 4,27
Kerry,Unnamed: 4,25
Kildare,Unnamed: 4,29
Kilkenny,Unnamed: 4,13
Laois,Unnamed: 4,8
Leitrim,Unnamed: 4,4
Limerick City and County,Unnamed: 4,15
Longford,Unnamed: 4,12
Louth,Unnamed: 4,16
Mayo,Unnamed: 4,27
Meath,Unnamed: 4,25
Monaghan,Unnamed: 4,10
Offaly,Unnamed: 4,5
Roscommon,Unnamed: 4,21
Sligo,Unnamed: 4,12
South Dublin,Unnamed: 4,22
Tipperary,Unnamed: 4,18
Waterford City and County,Unnamed: 4,8
Westmeath,Unnamed: 4,15
Wexford,Unnamed: 4,29
Wicklow,Unnamed: 4,10
Cork,Unnamed: 4,16
Dublin,Unnamed: 4,138
Galway,Unnamed: 4,4
TOTALS,Unnamed: 4,766
Carlow ,Unnamed: 5,19
Cavan,Unnamed: 5,16
Clare,Unnamed: 5,25
Cork,Unnamed: 5,75
Donegal,Unnamed: 5,48
D/L Rathdown,Unnamed: 5,141
Fingal,Unnamed: 5,47
Galway,Unnamed: 5,48
Kerry,Unnamed: 5,26
Kildare,Unnamed: 5,47
Kilkenny,Unnamed: 5,17
Laois,Unnamed: 5,20
Leitrim,Unnamed: 5,9
Limerick City and County,Unnamed: 5,35
Longford,Unnamed: 5,7
Louth,Unnamed: 5,31
Mayo,Unnamed: 5,28
Meath,Unnamed: 5,33
Monaghan,Unnamed: 5,13
Offaly,Unnamed: 5,8
Roscommon,Unnamed: 5,14
Sligo,Unnamed: 5,17
South Dublin,Unnamed: 5,89
Tipperary,Unnamed: 5,33
Waterford City and County,Unnamed: 5,22
Westmeath,Unnamed: 5,12
Wexford,Unnamed: 5,37
Wicklow,Unnamed: 5,26
Cork,Unnamed: 5,10
Dublin,Unnamed: 5,127
Galway,Unnamed: 5,5
TOTALS,Unnamed: 5,"1,085"
Carlow ,Unnamed: 6,14
Cavan,Unnamed: 6,14
Clare,Unnamed: 6,20
Cork,Unnamed: 6,71
Donegal,Unnamed: 6,38
D/L Rathdown,Unnamed: 6,55
Fingal,Unnamed: 6,71
Galway,Unnamed: 6,31
Kerry,Unnamed: 6,20
Kildare,Unnamed: 6,46
Kilkenny,Unnamed: 6,16
Laois,Unnamed: 6,11
Leitrim,Unnamed: 6,4
Limerick City and County,Unnamed: 6,24
Longford,Unnamed: 6,9
Louth,Unnamed: 6,22
Mayo,Unnamed: 6,42
Meath,Unnamed: 6,32
Monaghan,Unnamed: 6,10
Offaly,Unnamed: 6,12
Roscommon,Unnamed: 6,13
Sligo,Unnamed: 6,6
South Dublin,Unnamed: 6,26
Tipperary,Unnamed: 6,25
Waterford City and County,Unnamed: 6,14
Westmeath,Unnamed: 6,11
Wexford,Unnamed: 6,66
Wicklow,Unnamed: 6,22
Cork,Unnamed: 6,19
Dublin,Unnamed: 6,109
Galway,Unnamed: 6,18
TOTALS,Unnamed: 6,891
Carlow ,Unnamed: 7,30
Cavan,Unnamed: 7,24
Clare,Unnamed: 7,37
Cork,Unnamed: 7,98
Donegal,Unnamed: 7,32
D/L Rathdown,Unnamed: 7,38
Fingal,Unnamed: 7,76
Galway,Unnamed: 7,52
Kerry,Unnamed: 7,22
Kildare,Unnamed: 7,58
Kilkenny,Unnamed: 7,14
Laois,Unnamed: 7,16
Leitrim,Unnamed: 7,10
Limerick City and County,Unnamed: 7,20
Longford,Unnamed: 7,9
Louth,Unnamed: 7,19
Mayo,Unnamed: 7,31
Meath,Unnamed: 7,43
Monaghan,Unnamed: 7,14
Offaly,Unnamed: 7,8
Roscommon,Unnamed: 7,9
Sligo,Unnamed: 7,16
South Dublin,Unnamed: 7,63
Tipperary,Unnamed: 7,24
Waterford City and County,Unnamed: 7,32
Westmeath,Unnamed: 7,11
Wexford,Unnamed: 7,41
Wicklow,Unnamed: 7,19
Cork,Unnamed: 7,20
Dublin,Unnamed: 7,100
Galway,Unnamed: 7,6
TOTALS,Unnamed: 7,992
Carlow ,Unnamed: 8,10
Cavan,Unnamed: 8,30
Clare,Unnamed: 8,23
Cork,Unnamed: 8,100
Donegal,Unnamed: 8,26
D/L Rathdown,Unnamed: 8,27
Fingal,Unnamed: 8,94
Galway,Unnamed: 8,46
Kerry,Unnamed: 8,19
Kildare,Unnamed: 8,47
Kilkenny,Unnamed: 8,12
Laois,Unnamed: 8,14
Leitrim,Unnamed: 8,10
Limerick City and County,Unnamed: 8,23
Longford,Unnamed: 8,4
Louth,Unnamed: 8,17
Mayo,Unnamed: 8,22
Meath,Unnamed: 8,22
Monaghan,Unnamed: 8,17
Offaly,Unnamed: 8,11
Roscommon,Unnamed: 8,7
Sligo,Unnamed: 8,12
South Dublin,Unnamed: 8,46
Tipperary,Unnamed: 8,12
Waterford City and County,Unnamed: 8,11
Westmeath,Unnamed: 8,16
Wexford,Unnamed: 8,25
Wicklow,Unnamed: 8,19
Cork,Unnamed: 8,5
Dublin,Unnamed: 8,48
Galway,Unnamed: 8,7
TOTALS,Unnamed: 8,782
Carlow ,Unnamed: 9,16
Cavan,Unnamed: 9,20
Clare,Unnamed: 9,30
Cork,Unnamed: 9,78
Donegal,Unnamed: 9,44
D/L Rathdown,Unnamed: 9,35
Fingal,Unnamed: 9,113
Galway,Unnamed: 9,32
Kerry,Unnamed: 9,29
Kildare,Unnamed: 9,33
Kilkenny,Unnamed: 9,17
Laois,Unnamed: 9,19
Leitrim,Unnamed: 9,4
Limerick City and County,Unnamed: 9,29
Longford,Unnamed: 9,12
Louth,Unnamed: 9,41
Mayo,Unnamed: 9,33
Meath,Unnamed: 9,38
Monaghan,Unnamed: 9,11
Offaly,Unnamed: 9,16
Roscommon,Unnamed: 9,17
Sligo,Unnamed: 9,11
South Dublin,Unnamed: 9,225
Tipperary,Unnamed: 9,28
Waterford City and County,Unnamed: 9,21
Westmeath,Unnamed: 9,21
Wexford,Unnamed: 9,40
Wicklow,Unnamed: 9,21
Cork,Unnamed: 9,22
Dublin,Unnamed: 9,122
Galway,Unnamed: 9,5
TOTALS,Unnamed: 9,"1,183"
Carlow ,Unnamed: 10,9
Cavan,Unnamed: 10,25
Clare,Unnamed: 10,39
Cork,Unnamed: 10,92
Donegal,Unnamed: 10,36
D/L Rathdown,Unnamed: 10,43
Fingal,Unnamed: 10,69
Galway,Unnamed: 10,36
Kerry,Unnamed: 10,32
Kildare,Unnamed: 10,47
Kilkenny,Unnamed: 10,16
Laois,Unnamed: 10,20
Leitrim,Unnamed: 10,7
Limerick City and County,Unnamed: 10,13
Longford,Unnamed: 10,16
Louth,Unnamed: 10,34
Mayo,Unnamed: 10,24
Meath,Unnamed: 10,26
Monaghan,Unnamed: 10,14
Offaly,Unnamed: 10,16
Roscommon,Unnamed: 10,13
Sligo,Unnamed: 10,16
South Dublin,Unnamed: 10,153
Tipperary,Unnamed: 10,26
Waterford City and County,Unnamed: 10,30
Westmeath,Unnamed: 10,29
Wexford,Unnamed: 10,34
Wicklow,Unnamed: 10,17
Cork,Unnamed: 10,5
Dublin,Unnamed: 10,56
Galway,Unnamed: 10,14
TOTALS,Unnamed: 10,"1,007"
Carlow ,Unnamed: 11,11
Cavan,Unnamed: 11,29
Clare,Unnamed: 11,20
Cork,Unnamed: 11,108
Donegal,Unnamed: 11,57
D/L Rathdown,Unnamed: 11,55
Fingal,Unnamed: 11,89
Galway,Unnamed: 11,59
Kerry,Unnamed: 11,25
Kildare,Unnamed: 11,68
Kilkenny,Unnamed: 11,13
Laois,Unnamed: 11,17
Leitrim,Unnamed: 11,9
Limerick City and County,Unnamed: 11,33
Longford,Unnamed: 11,12
Louth,Unnamed: 11,31
Mayo,Unnamed: 11,41
Meath,Unnamed: 11,41
Monaghan,Unnamed: 11,16
Offaly,Unnamed: 11,14
Roscommon,Unnamed: 11,15
Sligo,Unnamed: 11,18
South Dublin,Unnamed: 11,58
Tipperary,Unnamed: 11,20
Waterford City and County,Unnamed: 11,17
Westmeath,Unnamed: 11,23
Wexford,Unnamed: 11,61
Wicklow,Unnamed: 11,26
Cork,Unnamed: 11,9
Dublin,Unnamed: 11,28
Galway,Unnamed: 11,8
TOTALS,Unnamed: 11,"1,031"
Carlow ,Unnamed: 12,8
Cavan,Unnamed: 12,37
Clare,Unnamed: 12,28
Cork,Unnamed: 12,117
Donegal,Unnamed: 12,44
D/L Rathdown,Unnamed: 12,111
Fingal,Unnamed: 12,90
Galway,Unnamed: 12,49
Kerry,Unnamed: 12,41
Kildare,Unnamed: 12,67
Kilkenny,Unnamed: 12,23
Laois,Unnamed: 12,20
Leitrim,Unnamed: 12,10
Limerick City and County,Unnamed: 12,28
Longford,Unnamed: 12,10
Louth,Unnamed: 12,53
Mayo,Unnamed: 12,44
Meath,Unnamed: 12,51
Monaghan,Unnamed: 12,12
Offaly,Unnamed: 12,7
Roscommon,Unnamed: 12,21
Sligo,Unnamed: 12,17
South Dublin,Unnamed: 12,39
Tipperary,Unnamed: 12,27
Waterford City and County,Unnamed: 12,27
Westmeath,Unnamed: 12,31
Wexford,Unnamed: 12,45
Wicklow,Unnamed: 12,31
Cork,Unnamed: 12,19
Dublin,Unnamed: 12,74
Galway,Unnamed: 12,8
TOTALS,Unnamed: 12,"1,189"
Carlow ,Unnamed: 13,169
Cavan,Unnamed: 13,259
Clare,Unnamed: 13,310
Cork,Unnamed: 13,998
Donegal,Unnamed: 13,439
D/L Rathdown,Unnamed: 13,713
Fingal,Unnamed: 13,809
Galway,Unnamed: 13,499
Kerry,Unnamed: 13,309
Kildare,Unnamed: 13,548
Kilkenny,Unnamed: 13,179
Laois,Unnamed: 13,189
Leitrim,Unnamed: 13,86
Limerick City and County,Unnamed: 13,270
Longford,Unnamed: 13,129
Louth,Unnamed: 13,326
Mayo,Unnamed: 13,380
Meath,Unnamed: 13,403
Monaghan,Unnamed: 13,142
Offaly,Unnamed: 13,130
Roscommon,Unnamed: 13,174
Sligo,Unnamed: 13,145
South Dublin,Unnamed: 13,832
Tipperary,Unnamed: 13,273
Waterford City and County,Unnamed: 13,232
Westmeath,Unnamed: 13,217
Wexford,Unnamed: 13,455
Wicklow,Unnamed: 13,245
Cork,Unnamed: 13,155
Dublin,Unnamed: 13,914
Galway,Unnamed: 13,87
TOTALS,Unnamed: 13,"11,016"
Carlow ,2015,7
Cavan,2015,20
Clare,2015,14
Cork,2015,73
Donegal,2015,37
D/L Rathdown,2015,25
Fingal,2015,42
Galway,2015,34
Kerry,2015,17
Kildare,2015,41
Kilkenny,2015,10
Laois,2015,10
Leitrim,2015,12
Limerick City and County,2015,14
Longford,2015,6
Louth,2015,34
Mayo,2015,21
Meath,2015,36
Monaghan,2015,8
Offaly,2015,20
Roscommon,2015,9
Sligo,2015,16
South Dublin,2015,14
Tipperary,2015,22
Waterford City and County,2015,22
Westmeath,2015,8
Wexford,2015,27
Wicklow,2015,16
Cork,2015,12
Dublin,2015,37
Galway,2015,29
TOTALS,2015,693
Carlow ,Unnamed: 15,16
Cavan,Unnamed: 15,16
Clare,Unnamed: 15,14
Cork,Unnamed: 15,61
Donegal,Unnamed: 15,40
D/L Rathdown,Unnamed: 15,26
Fingal,Unnamed: 15,86
Galway,Unnamed: 15,42
Kerry,Unnamed: 15,22
Kildare,Unnamed: 15,52
Kilkenny,Unnamed: 15,20
Laois,Unnamed: 15,13
Leitrim,Unnamed: 15,10
Limerick City and County,Unnamed: 15,41
Longford,Unnamed: 15,12
Louth,Unnamed: 15,47
Mayo,Unnamed: 15,32
Meath,Unnamed: 15,27
Monaghan,Unnamed: 15,11
Offaly,Unnamed: 15,17
Roscommon,Unnamed: 15,10
Sligo,Unnamed: 15,12
South Dublin,Unnamed: 15,12
Tipperary,Unnamed: 15,26
Waterford City and County,Unnamed: 15,28
Westmeath,Unnamed: 15,12
Wexford,Unnamed: 15,34
Wicklow,Unnamed: 15,24
Cork,Unnamed: 15,12
Dublin,Unnamed: 15,55
Galway,Unnamed: 15,6
TOTALS,Unnamed: 15,836
Carlow ,Unnamed: 16,13
Cavan,Unnamed: 16,23
Clare,Unnamed: 16,29
Cork,Unnamed: 16,96
Donegal,Unnamed: 16,33
D/L Rathdown,Unnamed: 16,115
Fingal,Unnamed: 16,116
Galway,Unnamed: 16,59
Kerry,Unnamed: 16,55
Kildare,Unnamed: 16,57
Kilkenny,Unnamed: 16,16
Laois,Unnamed: 16,21
Leitrim,Unnamed: 16,13
Limerick City and County,Unnamed: 16,42
Longford,Unnamed: 16,16
Louth,Unnamed: 16,33
Mayo,Unnamed: 16,28
Meath,Unnamed: 16,23
Monaghan,Unnamed: 16,11
Offaly,Unnamed: 16,17
Roscommon,Unnamed: 16,11
Sligo,Unnamed: 16,14
South Dublin,Unnamed: 16,34
Tipperary,Unnamed: 16,41
Waterford City and County,Unnamed: 16,10
Westmeath,Unnamed: 16,9
Wexford,Unnamed: 16,25
Wicklow,Unnamed: 16,28
Cork,Unnamed: 16,18
Dublin,Unnamed: 16,90
Galway,Unnamed: 16,4
TOTALS,Unnamed: 16,"1,100"
Carlow ,Unnamed: 17,15
Cavan,Unnamed: 17,12
Clare,Unnamed: 17,29
Cork,Unnamed: 17,80
Donegal,Unnamed: 17,27
D/L Rathdown,Unnamed: 17,85
Fingal,Unnamed: 17,107
Galway,Unnamed: 17,46
Kerry,Unnamed: 17,35
Kildare,Unnamed: 17,55
Kilkenny,Unnamed: 17,12
Laois,Unnamed: 17,19
Leitrim,Unnamed: 17,8
Limerick City and County,Unnamed: 17,26
Longford,Unnamed: 17,19
Louth,Unnamed: 17,38
Mayo,Unnamed: 17,39
Meath,Unnamed: 17,45
Monaghan,Unnamed: 17,15
Offaly,Unnamed: 17,17
Roscommon,Unnamed: 17,16
Sligo,Unnamed: 17,8
South Dublin,Unnamed: 17,14
Tipperary,Unnamed: 17,29
Waterford City and County,Unnamed: 17,27
Westmeath,Unnamed: 17,5
Wexford,Unnamed: 17,28
Wicklow,Unnamed: 17,25
Cork,Unnamed: 17,4
Dublin,Unnamed: 17,55
Galway,Unnamed: 17,6
TOTALS,Unnamed: 17,946
Carlow ,Unnamed: 18,11
Cavan,Unnamed: 18,27
Clare,Unnamed: 18,34
Cork,Unnamed: 18,75
Donegal,Unnamed: 18,62
D/L Rathdown,Unnamed: 18,67
Fingal,Unnamed: 18,110
Galway,Unnamed: 18,63
Kerry,Unnamed: 18,22
Kildare,Unnamed: 18,55
Kilkenny,Unnamed: 18,12
Laois,Unnamed: 18,15
Leitrim,Unnamed: 18,14
Limerick City and County,Unnamed: 18,25
Longford,Unnamed: 18,10
Louth,Unnamed: 18,25
Mayo,Unnamed: 18,32
Meath,Unnamed: 18,35
Monaghan,Unnamed: 18,16
Offaly,Unnamed: 18,16
Roscommon,Unnamed: 18,22
Sligo,Unnamed: 18,9
South Dublin,Unnamed: 18,13
Tipperary,Unnamed: 18,23
Waterford City and County,Unnamed: 18,31
Westmeath,Unnamed: 18,25
Wexford,Unnamed: 18,51
Wicklow,Unnamed: 18,29
Cork,Unnamed: 18,23
Dublin,Unnamed: 18,39
Galway,Unnamed: 18,0
TOTALS,Unnamed: 18,991
Carlow ,Unnamed: 19,22
Cavan,Unnamed: 19,18
Clare,Unnamed: 19,34
Cork,Unnamed: 19,121
Donegal,Unnamed: 19,50
D/L Rathdown,Unnamed: 19,38
Fingal,Unnamed: 19,101
Galway,Unnamed: 19,38
Kerry,Unnamed: 19,36
Kildare,Unnamed: 19,70
Kilkenny,Unnamed: 19,16
Laois,Unnamed: 19,9
Leitrim,Unnamed: 19,9
Limerick City and County,Unnamed: 19,38
Longford,Unnamed: 19,24
Louth,Unnamed: 19,16
Mayo,Unnamed: 19,33
Meath,Unnamed: 19,36
Monaghan,Unnamed: 19,11
Offaly,Unnamed: 19,15
Roscommon,Unnamed: 19,12
Sligo,Unnamed: 19,14
South Dublin,Unnamed: 19,54
Tipperary,Unnamed: 19,28
Waterford City and County,Unnamed: 19,45
Westmeath,Unnamed: 19,15
Wexford,Unnamed: 19,35
Wicklow,Unnamed: 19,61
Cork,Unnamed: 19,22
Dublin,Unnamed: 19,37
Galway,Unnamed: 19,1
TOTALS,Unnamed: 19,"1,059"
Carlow ,Unnamed: 20,16
Cavan,Unnamed: 20,24
Clare,Unnamed: 20,38
Cork,Unnamed: 20,93
Donegal,Unnamed: 20,39
D/L Rathdown,Unnamed: 20,47
Fingal,Unnamed: 20,100
Galway,Unnamed: 20,71
Kerry,Unnamed: 20,32
Kildare,Unnamed: 20,70
Kilkenny,Unnamed: 20,17
Laois,Unnamed: 20,14
Leitrim,Unnamed: 20,7
Limerick City and County,Unnamed: 20,39
Longford,Unnamed: 20,17
Louth,Unnamed: 20,41
Mayo,Unnamed: 20,46
Meath,Unnamed: 20,43
Monaghan,Unnamed: 20,21
Offaly,Unnamed: 20,21
Roscommon,Unnamed: 20,17
Sligo,Unnamed: 20,15
South Dublin,Unnamed: 20,27
Tipperary,Unnamed: 20,40
Waterford City and County,Unnamed: 20,22
Westmeath,Unnamed: 20,35
Wexford,Unnamed: 20,43
Wicklow,Unnamed: 20,57
Cork,Unnamed: 20,26
Dublin,Unnamed: 20,35
Galway,Unnamed: 20,7
TOTALS,Unnamed: 20,"1,120"
Carlow ,Unnamed: 21,17
Cavan,Unnamed: 21,32
Clare,Unnamed: 21,26
Cork,Unnamed: 21,65
Donegal,Unnamed: 21,34
D/L Rathdown,Unnamed: 21,45
Fingal,Unnamed: 21,84
Galway,Unnamed: 21,53
Kerry,Unnamed: 21,41
Kildare,Unnamed: 21,86
Kilkenny,Unnamed: 21,18
Laois,Unnamed: 21,6
Leitrim,Unnamed: 21,14
Limerick City and County,Unnamed: 21,25
Longford,Unnamed: 21,9
Louth,Unnamed: 21,36
Mayo,Unnamed: 21,40
Meath,Unnamed: 21,37
Monaghan,Unnamed: 21,11
Offaly,Unnamed: 21,17
Roscommon,Unnamed: 21,19
Sligo,Unnamed: 21,15
South Dublin,Unnamed: 21,27
Tipperary,Unnamed: 21,20
Waterford City and County,Unnamed: 21,21
Westmeath,Unnamed: 21,6
Wexford,Unnamed: 21,34
Wicklow,Unnamed: 21,32
Cork,Unnamed: 21,16
Dublin,Unnamed: 21,63
Galway,Unnamed: 21,0
TOTALS,Unnamed: 21,949
Carlow ,Unnamed: 22,18
Cavan,Unnamed: 22,22
Clare,Unnamed: 22,30
Cork,Unnamed: 22,131
Donegal,Unnamed: 22,46
D/L Rathdown,Unnamed: 22,51
Fingal,Unnamed: 22,87
Galway,Unnamed: 22,55
Kerry,Unnamed: 22,32
Kildare,Unnamed: 22,57
Kilkenny,Unnamed: 22,16
Laois,Unnamed: 22,21
Leitrim,Unnamed: 22,16
Limerick City and County,Unnamed: 22,54
Longford,Unnamed: 22,14
Louth,Unnamed: 22,21
Mayo,Unnamed: 22,44
Meath,Unnamed: 22,54
Monaghan,Unnamed: 22,13
Offaly,Unnamed: 22,29
Roscommon,Unnamed: 22,30
Sligo,Unnamed: 22,16
South Dublin,Unnamed: 22,36
Tipperary,Unnamed: 22,23
Waterford City and County,Unnamed: 22,82
Westmeath,Unnamed: 22,22
Wexford,Unnamed: 22,40
Wicklow,Unnamed: 22,48
Cork,Unnamed: 22,13
Dublin,Unnamed: 22,83
Galway,Unnamed: 22,16
TOTALS,Unnamed: 22,"1,220"
Carlow ,Unnamed: 23,12
Cavan,Unnamed: 23,31
Clare,Unnamed: 23,31
Cork,Unnamed: 23,131
Donegal,Unnamed: 23,31
D/L Rathdown,Unnamed: 23,41
Fingal,Unnamed: 23,175
Galway,Unnamed: 23,57
Kerry,Unnamed: 23,34
Kildare,Unnamed: 23,61
Kilkenny,Unnamed: 23,14
Laois,Unnamed: 23,15
Leitrim,Unnamed: 23,19
Limerick City and County,Unnamed: 23,58
Longford,Unnamed: 23,7
Louth,Unnamed: 23,25
Mayo,Unnamed: 23,28
Meath,Unnamed: 23,39
Monaghan,Unnamed: 23,23
Offaly,Unnamed: 23,11
Roscommon,Unnamed: 23,21
Sligo,Unnamed: 23,13
South Dublin,Unnamed: 23,27
Tipperary,Unnamed: 23,34
Waterford City and County,Unnamed: 23,28
Westmeath,Unnamed: 23,15
Wexford,Unnamed: 23,40
Wicklow,Unnamed: 23,36
Cork,Unnamed: 23,16
Dublin,Unnamed: 23,58
Galway,Unnamed: 23,7
TOTALS,Unnamed: 23,"1,138"
Carlow ,Unnamed: 24,33
Cavan,Unnamed: 24,37
Clare,Unnamed: 24,29
Cork,Unnamed: 24,143
Donegal,Unnamed: 24,51
D/L Rathdown,Unnamed: 24,43
Fingal,Unnamed: 24,120
Galway,Unnamed: 24,56
Kerry,Unnamed: 24,61
Kildare,Unnamed: 24,70
Kilkenny,Unnamed: 24,27
Laois,Unnamed: 24,12
Leitrim,Unnamed: 24,16
Limerick City and County,Unnamed: 24,36
Longford,Unnamed: 24,22
Louth,Unnamed: 24,33
Mayo,Unnamed: 24,41
Meath,Unnamed: 24,51
Monaghan,Unnamed: 24,31
Offaly,Unnamed: 24,4
Roscommon,Unnamed: 24,14
Sligo,Unnamed: 24,18
South Dublin,Unnamed: 24,32
Tipperary,Unnamed: 24,32
Waterford City and County,Unnamed: 24,35
Westmeath,Unnamed: 24,26
Wexford,Unnamed: 24,63
Wicklow,Unnamed: 24,39
Cork,Unnamed: 24,30
Dublin,Unnamed: 24,53
Galway,Unnamed: 24,4
TOTALS,Unnamed: 24,"1,262"
Carlow ,Unnamed: 25,30
Cavan,Unnamed: 25,38
Clare,Unnamed: 25,33
Cork,Unnamed: 25,131
Donegal,Unnamed: 25,52
D/L Rathdown,Unnamed: 25,68
Fingal,Unnamed: 25,132
Galway,Unnamed: 25,65
Kerry,Unnamed: 25,50
Kildare,Unnamed: 25,93
Kilkenny,Unnamed: 25,18
Laois,Unnamed: 25,20
Leitrim,Unnamed: 25,12
Limerick City and County,Unnamed: 25,61
Longford,Unnamed: 25,13
Louth,Unnamed: 25,19
Mayo,Unnamed: 25,37
Meath,Unnamed: 25,62
Monaghan,Unnamed: 25,21
Offaly,Unnamed: 25,14
Roscommon,Unnamed: 25,14
Sligo,Unnamed: 25,17
South Dublin,Unnamed: 25,23
Tipperary,Unnamed: 25,52
Waterford City and County,Unnamed: 25,29
Westmeath,Unnamed: 25,25
Wexford,Unnamed: 25,74
Wicklow,Unnamed: 25,44
Cork,Unnamed: 25,40
Dublin,Unnamed: 25,62
Galway,Unnamed: 25,3
TOTALS,Unnamed: 25,"1,352"
Carlow ,Unnamed: 26,210
Cavan,Unnamed: 26,300
Clare,Unnamed: 26,341
Cork,Unnamed: 26,"1,200"
Donegal,Unnamed: 26,502
D/L Rathdown,Unnamed: 26,651
Fingal,Unnamed: 26,"1,260"
Galway,Unnamed: 26,639
Kerry,Unnamed: 26,437
Kildare,Unnamed: 26,767
Kilkenny,Unnamed: 26,196
Laois,Unnamed: 26,175
Leitrim,Unnamed: 26,150
Limerick City and County,Unnamed: 26,459
Longford,Unnamed: 26,169
Louth,Unnamed: 26,368
Mayo,Unnamed: 26,421
Meath,Unnamed: 26,488
Monaghan,Unnamed: 26,192
Offaly,Unnamed: 26,198
Roscommon,Unnamed: 26,195
Sligo,Unnamed: 26,167
South Dublin,Unnamed: 26,313
Tipperary,Unnamed: 26,370
Waterford City and County,Unnamed: 26,380
Westmeath,Unnamed: 26,203
Wexford,Unnamed: 26,494
Wicklow,Unnamed: 26,439
Cork,Unnamed: 26,232
Dublin,Unnamed: 26,667
Galway,Unnamed: 26,83
TOTALS,Unnamed: 26,"12,666"
Carlow ,2016,12
Cavan,2016,8
Clare,2016,26
Cork,2016,84
Donegal,2016,44
D/L Rathdown,2016,86
Fingal,2016,109
Galway,2016,39
Kerry,2016,19
Kildare,2016,76
Kilkenny,2016,7
Laois,2016,11
Leitrim,2016,12
Limerick City and County,2016,21
Longford,2016,6
Louth,2016,15
Mayo,2016,18
Meath,2016,20
Monaghan,2016,9
Offaly,2016,11
Roscommon,2016,10
Sligo,2016,13
South Dublin,2016,20
Tipperary,2016,29
Waterford City and County,2016,16
Westmeath,2016,14
Wexford,2016,47
Wicklow,2016,21
Cork,2016,25
Dublin,2016,87
Galway,2016,5
TOTALS,2016,920
Carlow ,Unnamed: 28,7
Cavan,Unnamed: 28,21
Clare,Unnamed: 28,19
Cork,Unnamed: 28,89
Donegal,Unnamed: 28,35
D/L Rathdown,Unnamed: 28,173
Fingal,Unnamed: 28,130
Galway,Unnamed: 28,51
Kerry,Unnamed: 28,27
Kildare,Unnamed: 28,45
Kilkenny,Unnamed: 28,14
Laois,Unnamed: 28,22
Leitrim,Unnamed: 28,8
Limerick City and County,Unnamed: 28,29
Longford,Unnamed: 28,23
Louth,Unnamed: 28,22
Mayo,Unnamed: 28,39
Meath,Unnamed: 28,53
Monaghan,Unnamed: 28,11
Offaly,Unnamed: 28,16
Roscommon,Unnamed: 28,20
Sligo,Unnamed: 28,14
South Dublin,Unnamed: 28,23
Tipperary,Unnamed: 28,12
Waterford City and County,Unnamed: 28,29
Westmeath,Unnamed: 28,8
Wexford,Unnamed: 28,46
Wicklow,Unnamed: 28,30
Cork,Unnamed: 28,84
Dublin,Unnamed: 28,82
Galway,Unnamed: 28,10
TOTALS,Unnamed: 28,"1,192"
Carlow ,Unnamed: 29,5
Cavan,Unnamed: 29,14
Clare,Unnamed: 29,17
Cork,Unnamed: 29,110
Donegal,Unnamed: 29,55
D/L Rathdown,Unnamed: 29,69
Fingal,Unnamed: 29,166
Galway,Unnamed: 29,45
Kerry,Unnamed: 29,25
Kildare,Unnamed: 29,47
Kilkenny,Unnamed: 29,11
Laois,Unnamed: 29,20
Leitrim,Unnamed: 29,8
Limerick City and County,Unnamed: 29,34
Longford,Unnamed: 29,15
Louth,Unnamed: 29,27
Mayo,Unnamed: 29,22
Meath,Unnamed: 29,40
Monaghan,Unnamed: 29,17
Offaly,Unnamed: 29,10
Roscommon,Unnamed: 29,13
Sligo,Unnamed: 29,6
South Dublin,Unnamed: 29,11
Tipperary,Unnamed: 29,33
Waterford City and County,Unnamed: 29,33
Westmeath,Unnamed: 29,28
Wexford,Unnamed: 29,50
Wicklow,Unnamed: 29,22
Cork,Unnamed: 29,27
Dublin,Unnamed: 29,50
Galway,Unnamed: 29,2
TOTALS,Unnamed: 29,"1,032"
Carlow ,Unnamed: 30,9
Cavan,Unnamed: 30,23
Clare,Unnamed: 30,25
Cork,Unnamed: 30,109
Donegal,Unnamed: 30,46
D/L Rathdown,Unnamed: 30,84
Fingal,Unnamed: 30,86
Galway,Unnamed: 30,56
Kerry,Unnamed: 30,41
Kildare,Unnamed: 30,72
Kilkenny,Unnamed: 30,28
Laois,Unnamed: 30,16
Leitrim,Unnamed: 30,16
Limerick City and County,Unnamed: 30,34
Longford,Unnamed: 30,15
Louth,Unnamed: 30,37
Mayo,Unnamed: 30,30
Meath,Unnamed: 30,61
Monaghan,Unnamed: 30,7
Offaly,Unnamed: 30,15
Roscommon,Unnamed: 30,8
Sligo,Unnamed: 30,24
South Dublin,Unnamed: 30,24
Tipperary,Unnamed: 30,29
Waterford City and County,Unnamed: 30,18
Westmeath,Unnamed: 30,18
Wexford,Unnamed: 30,42
Wicklow,Unnamed: 30,42
Cork,Unnamed: 30,18
Dublin,Unnamed: 30,102
Galway,Unnamed: 30,14
TOTALS,Unnamed: 30,"1,149"
Carlow ,Unnamed: 31,11
Cavan,Unnamed: 31,39
Clare,Unnamed: 31,23
Cork,Unnamed: 31,118
Donegal,Unnamed: 31,50
D/L Rathdown,Unnamed: 31,86
Fingal,Unnamed: 31,232
Galway,Unnamed: 31,66
Kerry,Unnamed: 31,42
Kildare,Unnamed: 31,61
Kilkenny,Unnamed: 31,10
Laois,Unnamed: 31,14
Leitrim,Unnamed: 31,13
Limerick City and County,Unnamed: 31,52
Longford,Unnamed: 31,20
Louth,Unnamed: 31,22
Mayo,Unnamed: 31,34
Meath,Unnamed: 31,53
Monaghan,Unnamed: 31,18
Offaly,Unnamed: 31,11
Roscommon,Unnamed: 31,11
Sligo,Unnamed: 31,24
South Dublin,Unnamed: 31,19
Tipperary,Unnamed: 31,28
Waterford City and County,Unnamed: 31,19
Westmeath,Unnamed: 31,28
Wexford,Unnamed: 31,41
Wicklow,Unnamed: 31,37
Cork,Unnamed: 31,17
Dublin,Unnamed: 31,94
Galway,Unnamed: 31,1
TOTALS,Unnamed: 31,"1,294"
Carlow ,Unnamed: 32,16
Cavan,Unnamed: 32,16
Clare,Unnamed: 32,27
Cork,Unnamed: 32,114
Donegal,Unnamed: 32,40
D/L Rathdown,Unnamed: 32,41
Fingal,Unnamed: 32,104
Galway,Unnamed: 32,50
Kerry,Unnamed: 32,27
Kildare,Unnamed: 32,57
Kilkenny,Unnamed: 32,11
Laois,Unnamed: 32,16
Leitrim,Unnamed: 32,9
Limerick City and County,Unnamed: 32,40
Longford,Unnamed: 32,14
Louth,Unnamed: 32,29
Mayo,Unnamed: 32,28
Meath,Unnamed: 32,71
Monaghan,Unnamed: 32,4
Offaly,Unnamed: 32,8
Roscommon,Unnamed: 32,26
Sligo,Unnamed: 32,13
South Dublin,Unnamed: 32,30
Tipperary,Unnamed: 32,30
Waterford City and County,Unnamed: 32,25
Westmeath,Unnamed: 32,15
Wexford,Unnamed: 32,63
Wicklow,Unnamed: 32,29
Cork,Unnamed: 32,10
Dublin,Unnamed: 32,85
Galway,Unnamed: 32,7
TOTALS,Unnamed: 32,"1,055"
Carlow ,Unnamed: 33,9
Cavan,Unnamed: 33,21
Clare,Unnamed: 33,33
Cork,Unnamed: 33,119
Donegal,Unnamed: 33,38
D/L Rathdown,Unnamed: 33,45
Fingal,Unnamed: 33,82
Galway,Unnamed: 33,68
Kerry,Unnamed: 33,37
Kildare,Unnamed: 33,50
Kilkenny,Unnamed: 33,16
Laois,Unnamed: 33,18
Leitrim,Unnamed: 33,12
Limerick City and County,Unnamed: 33,32
Longford,Unnamed: 33,16
Louth,Unnamed: 33,38
Mayo,Unnamed: 33,32
Meath,Unnamed: 33,60
Monaghan,Unnamed: 33,10
Offaly,Unnamed: 33,11
Roscommon,Unnamed: 33,20
Sligo,Unnamed: 33,33
South Dublin,Unnamed: 33,39
Tipperary,Unnamed: 33,25
Waterford City and County,Unnamed: 33,28
Westmeath,Unnamed: 33,16
Wexford,Unnamed: 33,45
Wicklow,Unnamed: 33,45
Cork,Unnamed: 33,3
Dublin,Unnamed: 33,95
Galway,Unnamed: 33,14
TOTALS,Unnamed: 33,"1,110"
Carlow ,Unnamed: 34,15
Cavan,Unnamed: 34,47
Clare,Unnamed: 34,32
Cork,Unnamed: 34,157
Donegal,Unnamed: 34,56
D/L Rathdown,Unnamed: 34,89
Fingal,Unnamed: 34,109
Galway,Unnamed: 34,56
Kerry,Unnamed: 34,40
Kildare,Unnamed: 34,85
Kilkenny,Unnamed: 34,39
Laois,Unnamed: 34,10
Leitrim,Unnamed: 34,18
Limerick City and County,Unnamed: 34,19
Longford,Unnamed: 34,9
Louth,Unnamed: 34,34
Mayo,Unnamed: 34,33
Meath,Unnamed: 34,95
Monaghan,Unnamed: 34,9
Offaly,Unnamed: 34,11
Roscommon,Unnamed: 34,28
Sligo,Unnamed: 34,14
South Dublin,Unnamed: 34,32
Tipperary,Unnamed: 34,35
Waterford City and County,Unnamed: 34,26
Westmeath,Unnamed: 34,17
Wexford,Unnamed: 34,29
Wicklow,Unnamed: 34,31
Cork,Unnamed: 34,85
Dublin,Unnamed: 34,136
Galway,Unnamed: 34,19
TOTALS,Unnamed: 34,"1,415"
Carlow ,Unnamed: 35,84
Cavan,Unnamed: 35,189
Clare,Unnamed: 35,202
Cork,Unnamed: 35,900
Donegal,Unnamed: 35,364
D/L Rathdown,Unnamed: 35,673
Fingal,Unnamed: 35,"1,018"
Galway,Unnamed: 35,431
Kerry,Unnamed: 35,258
Kildare,Unnamed: 35,493
Kilkenny,Unnamed: 35,136
Laois,Unnamed: 35,127
Leitrim,Unnamed: 35,96
Limerick City and County,Unnamed: 35,261
Longford,Unnamed: 35,118
Louth,Unnamed: 35,224
Mayo,Unnamed: 35,236
Meath,Unnamed: 35,453
Monaghan,Unnamed: 35,85
Offaly,Unnamed: 35,93
Roscommon,Unnamed: 35,136
Sligo,Unnamed: 35,141
South Dublin,Unnamed: 35,198
Tipperary,Unnamed: 35,221
Waterford City and County,Unnamed: 35,194
Westmeath,Unnamed: 35,144
Wexford,Unnamed: 35,363
Wicklow,Unnamed: 35,257
Cork,Unnamed: 35,269
Dublin,Unnamed: 35,731
Galway,Unnamed: 35,72
TOTALS,Unnamed: 35,"9,167"
